<?xml version="1.0" encoding="utf-8"?>
<extension version="3.1" type="rsgTemplate">
	<name>Slideshow_FiTh</name>
	<version>1.0</version>
	<creationDate>2019</creationDate>
	<author>RSGallery2 Team</author>
	<authorEmail>team@rsgallery2.org</authorEmail>
	<authorUrl>http://www.rsgallery2.org</authorUrl>
	<copyright>(c) 2019-2019 RSGallery2 Team</copyright>
	<license>This component is released under the GNU/GPL License</license>
	<description>Yet first try of a slideshow</description>
	<files>
		<folder>html</folder>
		<folder>css</folder>
		<filename>index.php</filename>
		<filename>display.class.php</filename>
		<filename>templateDetails.xml</filename>
	</files>
	<css>
		<filename>css/template.css</filename>
	</css>
	<config>
		<fields name="params">
			<fieldset name="advanced">
				<field 
						id="autostart"
						name="autostart"
						type="radio"
						default="1"
						label="COM_RSGALLERY2_SLIDESHOW_PARTH_AUTOMATED_SLIDESHOW"
						description="COM_RSGALLERY2_SLIDESHOW_PARTH_AUTOMATED_SLIDESHOW_DESC"
						class="btn-group btn-group-yesno">
					<option value="1">JYES</option>
					<option value="0">JNO</option>
				</field>
			</fieldset>
		</fields>
	</config>
</extension>
